measurement,ms
release_cursor_clear,0.0251
release_pixmap_to_image AND release_background_applyImage,0.2767
release_image_to_pixmap,0.0059
release_background_clear,0.4329
release_geo_clearAll,0.0025
addImage_index_update,0.0000
addImage_img_copy,1.1936
saveValue_mkpath,0.0755
serialize_image,3.6639
saveImageToFile_total,4.8607
saveValue_saveImageToFile,4.8721
saveValue_removeHistory,0.0001
Storage_addImage_total,4.9781
addImage_saveValue,4.9881
addImage_updateGui,0.7602
release_event_total,8.1419
release_cursor_clear,0.0224
release_pixmap_to_image AND release_background_applyImage,0.3929
release_image_to_pixmap,0.0052
release_background_clear,1.0029
release_geo_clearAll,0.0021
addImage_index_update,0.0000
addImage_img_copy,1.5405
saveValue_mkpath,0.0104
serialize_image,3.6696
saveImageToFile_total,5.0287
saveValue_saveImageToFile,5.0399
saveValue_removeHistory,0.0001
Storage_addImage_total,5.0799
addImage_saveValue,5.0890
addImage_updateGui,0.7623
release_event_total,9.2052
release_cursor_clear,0.0292
release_pixmap_to_image AND release_background_applyImage,0.3412
release_image_to_pixmap,0.0067
release_background_clear,0.4082
release_geo_clearAll,0.0020
addImage_index_update,0.0000
addImage_img_copy,1.0555
saveValue_mkpath,0.0103
serialize_image,3.4086
saveImageToFile_total,4.5735
saveValue_saveImageToFile,4.5843
saveValue_removeHistory,0.0001
Storage_addImage_total,4.6215
addImage_saveValue,4.6300
addImage_updateGui,0.7642
release_event_total,7.6486
stroke_recognition_total,0.1211
release_cursor_clear,0.0281
recognized_background_copy,1.2385
recognized_merge_freehand,0.2955
addImage_index_update,0.0000
addImage_img_copy,1.1778
saveValue_mkpath,0.0396
serialize_image,3.5131
saveImageToFile_total,4.6931
saveValue_saveImageToFile,4.7040
saveValue_removeHistory,0.0001
Storage_addImage_total,4.7711
addImage_saveValue,4.7795
addImage_updateGui,0.8157
recognized_add_freehand_history,7.0866
recognized_clear_stroke,0.4548
recognized_draw_ideal_shape,0.0195
release_pixmap_to_image AND release_background_applyImage,0.1634
release_image_to_pixmap,0.2531
release_background_clear,1.4159
release_geo_clearAll,0.0039
addImage_index_update,0.0001
addImage_img_copy,0.9729
saveValue_mkpath,0.0089
serialize_image,3.5853
saveImageToFile_total,4.7341
saveValue_saveImageToFile,4.7442
saveValue_removeHistory,0.0002
Storage_addImage_total,4.7789
addImage_saveValue,4.7874
addImage_updateGui,0.7318
release_event_total,18.0264
stroke_recognition_total,0.2192
release_cursor_clear,0.0306
recognized_background_copy,1.2338
recognized_merge_freehand,0.3012
addImage_index_update,0.0000
addImage_img_copy,1.1312
saveValue_mkpath,0.0101
serialize_image,3.4671
saveImageToFile_total,4.6351
saveValue_saveImageToFile,4.6458
saveValue_removeHistory,0.0001
Storage_addImage_total,4.6833
addImage_saveValue,4.6917
addImage_updateGui,0.7269
recognized_add_freehand_history,6.8723
recognized_clear_stroke,0.4405
recognized_draw_ideal_shape,0.0424
release_pixmap_to_image AND release_background_applyImage,0.2160
release_image_to_pixmap,0.6328
release_background_clear,1.3341
release_geo_clearAll,0.0041
addImage_index_update,0.0000
addImage_img_copy,0.9091
saveValue_mkpath,0.0081
serialize_image,3.4247
saveImageToFile_total,4.5705
saveValue_saveImageToFile,4.5815
saveValue_removeHistory,0.0002
Storage_addImage_total,4.6153
addImage_saveValue,4.6240
addImage_updateGui,0.7142
release_event_total,18.0680
stroke_recognition_total,0.1595
release_cursor_clear,0.0280
release_pixmap_to_image AND release_background_applyImage,0.3118
release_image_to_pixmap,0.0066
release_background_clear,0.4024
release_geo_clearAll,0.0021
addImage_index_update,0.0000
addImage_img_copy,1.0215
saveValue_mkpath,0.0099
serialize_image,3.6026
saveImageToFile_total,4.8673
saveValue_saveImageToFile,4.8785
saveValue_removeHistory,0.0001
Storage_addImage_total,4.9152
addImage_saveValue,4.9237
addImage_updateGui,0.7512
release_event_total,8.0317
stroke_recognition_total,0.1516
release_cursor_clear,0.0224
release_pixmap_to_image AND release_background_applyImage,0.2920
release_image_to_pixmap,0.0046
release_background_clear,0.4037
release_geo_clearAll,0.0022
addImage_index_update,0.0000
addImage_img_copy,1.0807
saveValue_mkpath,0.0100
serialize_image,3.4040
saveImageToFile_total,4.6074
saveValue_saveImageToFile,4.6180
saveValue_removeHistory,0.0001
Storage_addImage_total,4.6545
addImage_saveValue,4.6628
addImage_updateGui,0.7423
release_event_total,7.7815
stroke_recognition_total,0.1838
release_cursor_clear,0.0281
release_pixmap_to_image AND release_background_applyImage,0.3206
release_image_to_pixmap,0.0068
release_background_clear,0.4032
release_geo_clearAll,0.0022
addImage_index_update,0.0000
addImage_img_copy,1.0147
saveValue_mkpath,0.0101
serialize_image,3.5712
saveImageToFile_total,4.7540
saveValue_saveImageToFile,4.7652
saveValue_removeHistory,0.0001
Storage_addImage_total,4.8020
addImage_saveValue,4.8104
addImage_updateGui,0.7367
release_event_total,7.9606
stroke_recognition_total,0.1315
release_cursor_clear,0.0212
release_pixmap_to_image AND release_background_applyImage,0.3404
release_image_to_pixmap,0.0044
release_background_clear,0.7594
release_geo_clearAll,0.0020
addImage_index_update,0.0000
addImage_img_copy,1.3932
saveValue_mkpath,0.0091
serialize_image,3.4643
saveImageToFile_total,4.7794
saveValue_saveImageToFile,4.7899
saveValue_removeHistory,0.0001
Storage_addImage_total,4.8265
addImage_saveValue,4.8352
addImage_updateGui,0.7184
release_event_total,8.5919
stroke_recognition_total,0.1145
release_cursor_clear,0.0212
release_pixmap_to_image AND release_background_applyImage,0.3595
release_image_to_pixmap,0.0045
release_background_clear,0.8762
release_geo_clearAll,0.0024
addImage_index_update,0.0000
addImage_img_copy,1.4241
saveValue_mkpath,0.0090
serialize_image,3.5142
saveImageToFile_total,4.8156
saveValue_saveImageToFile,4.8283
saveValue_removeHistory,0.0001
Storage_addImage_total,4.8693
addImage_saveValue,4.8780
addImage_updateGui,0.6893
release_event_total,8.7523
stroke_recognition_total,0.1070
release_cursor_clear,0.0189
release_pixmap_to_image AND release_background_applyImage,0.2897
release_image_to_pixmap,0.0041
release_background_clear,0.6262
release_geo_clearAll,0.0018
addImage_index_update,0.0000
addImage_img_copy,1.3194
saveValue_mkpath,0.0093
serialize_image,3.2710
saveImageToFile_total,4.5595
saveValue_saveImageToFile,4.5700
saveValue_removeHistory,0.0001
Storage_addImage_total,4.6063
addImage_saveValue,4.6150
addImage_updateGui,0.7187
release_event_total,8.0688
stroke_recognition_total,0.0572
release_cursor_clear,0.0137
release_pixmap_to_image AND release_background_applyImage,0.3818
release_image_to_pixmap,0.2639
release_background_clear,1.3657
release_geo_clearAll,0.0029
addImage_index_update,0.0001
addImage_img_copy,1.1814
saveValue_mkpath,0.0103
serialize_image,3.9959
saveImageToFile_total,5.2360
saveValue_saveImageToFile,5.2479
saveValue_removeHistory,0.0001
Storage_addImage_total,5.2860
addImage_saveValue,5.2949
addImage_updateGui,1.0381
release_event_total,10.0522
stroke_recognition_total,0.0712
release_cursor_clear,0.0148
release_pixmap_to_image AND release_background_applyImage,0.4040
release_image_to_pixmap,0.0039
release_background_clear,0.4984
release_geo_clearAll,0.0022
addImage_index_update,0.0000
addImage_img_copy,1.1836
saveValue_mkpath,0.0105
serialize_image,3.5445
saveImageToFile_total,4.8404
saveValue_saveImageToFile,4.8514
saveValue_removeHistory,0.0001
Storage_addImage_total,4.8894
addImage_saveValue,4.8980
addImage_updateGui,0.7176
release_event_total,8.1539
stroke_recognition_total,0.0689
release_cursor_clear,0.0134
release_pixmap_to_image AND release_background_applyImage,0.4052
release_image_to_pixmap,0.0039
release_background_clear,0.5254
release_geo_clearAll,0.0020
addImage_index_update,0.0000
addImage_img_copy,1.2523
saveValue_mkpath,0.0114
serialize_image,3.5475
saveImageToFile_total,4.9399
saveValue_saveImageToFile,4.9509
saveValue_removeHistory,0.0001
Storage_addImage_total,4.9943
addImage_saveValue,5.0029
addImage_updateGui,0.7430
release_event_total,8.3753
stroke_recognition_total,0.2473
release_cursor_clear,0.0188
release_pixmap_to_image AND release_background_applyImage,0.3584
release_image_to_pixmap,0.0039
release_background_clear,0.6120
release_geo_clearAll,0.0023
addImage_index_update,0.0000
addImage_img_copy,1.3134
saveValue_mkpath,0.0098
serialize_image,3.7929
saveImageToFile_total,5.1558
saveValue_saveImageToFile,5.1733
saveValue_removeHistory,0.0001
Storage_addImage_total,5.2168
addImage_saveValue,5.2278
addImage_updateGui,0.8595
release_event_total,9.2830
stroke_recognition_total,0.1552
release_cursor_clear,0.0276
recognized_background_copy,1.1654
recognized_merge_freehand,0.2824
addImage_index_update,0.0000
addImage_img_copy,1.0839
saveValue_mkpath,0.0101
serialize_image,3.4580
saveImageToFile_total,4.6055
saveValue_saveImageToFile,4.6156
saveValue_removeHistory,0.0001
Storage_addImage_total,4.6525
addImage_saveValue,4.6615
addImage_updateGui,0.7192
recognized_add_freehand_history,6.6947
recognized_clear_stroke,0.4217
recognized_draw_ideal_shape,0.0344
release_pixmap_to_image AND release_background_applyImage,0.2058
release_image_to_pixmap,0.0031
release_background_clear,0.5516
release_geo_clearAll,0.0037
addImage_index_update,0.0000
addImage_img_copy,0.4192
saveValue_mkpath,0.0086
serialize_image,3.3554
saveImageToFile_total,4.5937
saveValue_saveImageToFile,4.6036
saveValue_removeHistory,0.0001
Storage_addImage_total,4.6375
addImage_saveValue,4.6463
addImage_updateGui,0.7197
release_event_total,15.8225
stroke_recognition_total,0.1343
release_cursor_clear,0.0282
recognized_background_copy,1.2545
recognized_merge_freehand,0.3031
addImage_index_update,0.0000
addImage_img_copy,1.1580
saveValue_mkpath,0.0103
serialize_image,3.6222
saveImageToFile_total,4.8658
saveValue_saveImageToFile,4.8774
saveValue_removeHistory,0.0001
Storage_addImage_total,4.9163
addImage_saveValue,4.9253
addImage_updateGui,0.7376
recognized_add_freehand_history,7.0480
recognized_clear_stroke,0.4181
recognized_draw_ideal_shape,0.0344
release_pixmap_to_image AND release_background_applyImage,0.1960
release_image_to_pixmap,0.0032
release_background_clear,0.5461
release_geo_clearAll,0.0039
addImage_index_update,0.0000
addImage_img_copy,0.4348
saveValue_mkpath,0.0097
serialize_image,3.3465
saveImageToFile_total,4.6350
saveValue_saveImageToFile,4.6454
saveValue_removeHistory,0.0001
Storage_addImage_total,4.6808
addImage_saveValue,4.6897
addImage_updateGui,0.6902
release_event_total,16.2802
stroke_recognition_total,0.1047
release_cursor_clear,0.0202
release_pixmap_to_image AND release_background_applyImage,0.4204
release_image_to_pixmap,0.0038
release_background_clear,0.7878
release_geo_clearAll,0.0028
addImage_index_update,0.0001
addImage_img_copy,1.3142
saveValue_mkpath,0.0091
serialize_image,3.5266
saveImageToFile_total,4.8299
saveValue_saveImageToFile,4.8411
saveValue_removeHistory,0.0001
Storage_addImage_total,4.8774
addImage_saveValue,4.8865
addImage_updateGui,0.7023
release_event_total,8.7027
stroke_recognition_total,0.0835
release_cursor_clear,0.0280
recognized_background_copy,1.2172
recognized_merge_freehand,0.2721
addImage_index_update,0.0000
addImage_img_copy,1.1066
saveValue_mkpath,0.0102
serialize_image,3.8346
saveImageToFile_total,5.0110
saveValue_saveImageToFile,5.0235
saveValue_removeHistory,0.0002
Storage_addImage_total,5.0615
addImage_saveValue,5.0704
addImage_updateGui,1.0938
recognized_add_freehand_history,7.5679
recognized_clear_stroke,0.7892
recognized_draw_ideal_shape,0.0241
release_pixmap_to_image AND release_background_applyImage,0.4587
release_image_to_pixmap,0.0050
release_background_clear,0.9916
release_geo_clearAll,0.0044
addImage_index_update,0.0000
addImage_img_copy,0.6278
saveValue_mkpath,0.0087
serialize_image,4.3841
saveImageToFile_total,5.9943
saveValue_saveImageToFile,6.0058
saveValue_removeHistory,0.0001
Storage_addImage_total,6.0425
addImage_saveValue,6.0514
addImage_updateGui,0.7438
release_event_total,19.3781
stroke_recognition_total,0.1033
release_cursor_clear,0.0309
recognized_background_copy,1.2367
recognized_merge_freehand,0.2669
addImage_index_update,0.0000
addImage_img_copy,1.1024
saveValue_mkpath,0.0322
serialize_image,3.6616
saveImageToFile_total,4.8045
saveValue_saveImageToFile,4.8148
saveValue_removeHistory,0.0001
Storage_addImage_total,4.8794
addImage_saveValue,4.8878
addImage_updateGui,0.7117
recognized_add_freehand_history,6.9368
recognized_clear_stroke,0.4298
recognized_draw_ideal_shape,0.0159
release_pixmap_to_image AND release_background_applyImage,0.1570
release_image_to_pixmap,0.0030
release_background_clear,0.5505
release_geo_clearAll,0.0037
addImage_index_update,0.0000
addImage_img_copy,0.4483
saveValue_mkpath,0.0089
serialize_image,3.4189
saveImageToFile_total,4.6540
saveValue_saveImageToFile,4.6640
saveValue_removeHistory,0.0001
Storage_addImage_total,4.6983
addImage_saveValue,4.7095
addImage_updateGui,0.6929
release_event_total,16.0254
stroke_recognition_total,0.1159
release_cursor_clear,0.0204
release_pixmap_to_image AND release_background_applyImage,0.3978
release_image_to_pixmap,0.0041
release_background_clear,0.7708
release_geo_clearAll,0.0028
addImage_index_update,0.0001
addImage_img_copy,1.4155
saveValue_mkpath,0.0091
serialize_image,3.7149
saveImageToFile_total,4.9474
saveValue_saveImageToFile,4.9576
saveValue_removeHistory,0.0002
Storage_addImage_total,4.9937
addImage_saveValue,5.0022
addImage_updateGui,0.7052
release_event_total,8.8122
stroke_recognition_total,0.1329
release_cursor_clear,0.0257
release_pixmap_to_image AND release_background_applyImage,0.3168
release_image_to_pixmap,0.0068
release_background_clear,0.3844
release_geo_clearAll,0.0022
addImage_index_update,0.0000
addImage_img_copy,1.0447
saveValue_mkpath,0.0103
serialize_image,3.6230
saveImageToFile_total,4.9312
saveValue_saveImageToFile,4.9417
saveValue_removeHistory,0.0001
Storage_addImage_total,4.9784
addImage_saveValue,4.9868
addImage_updateGui,0.7290
release_event_total,8.0321
stroke_recognition_total,0.1379
release_cursor_clear,0.0254
release_pixmap_to_image AND release_background_applyImage,0.3065
release_image_to_pixmap,0.0064
release_background_clear,0.4234
release_geo_clearAll,0.0023
addImage_index_update,0.0000
addImage_img_copy,1.0322
saveValue_mkpath,0.0100
serialize_image,3.5420
saveImageToFile_total,4.7771
saveValue_saveImageToFile,4.7873
saveValue_removeHistory,0.0001
Storage_addImage_total,4.8240
addImage_saveValue,4.8324
addImage_updateGui,0.7368
release_event_total,7.9173
stroke_recognition_total,0.0919
release_cursor_clear,0.0256
recognized_background_copy,1.1647
recognized_merge_freehand,0.2651
addImage_index_update,0.0000
addImage_img_copy,1.1028
saveValue_mkpath,0.0103
serialize_image,3.4212
saveImageToFile_total,4.6094
saveValue_saveImageToFile,4.6195
saveValue_removeHistory,0.0001
Storage_addImage_total,4.6566
addImage_saveValue,4.6704
addImage_updateGui,0.7123
recognized_add_freehand_history,6.6997
recognized_clear_stroke,0.4384
recognized_draw_ideal_shape,0.0168
release_pixmap_to_image AND release_background_applyImage,0.1587
release_image_to_pixmap,0.0030
release_background_clear,0.5505
release_geo_clearAll,0.0038
addImage_index_update,0.0000
addImage_img_copy,0.4477
saveValue_mkpath,0.0088
serialize_image,3.3705
saveImageToFile_total,4.6321
saveValue_saveImageToFile,4.6417
saveValue_removeHistory,0.0001
Storage_addImage_total,4.6757
addImage_saveValue,4.6842
addImage_updateGui,0.7018
release_event_total,15.6973
stroke_recognition_total,0.1102
release_cursor_clear,0.0180
release_pixmap_to_image AND release_background_applyImage,0.3412
release_image_to_pixmap,0.0038
release_background_clear,0.8152
release_geo_clearAll,0.0019
addImage_index_update,0.0000
addImage_img_copy,1.3221
saveValue_mkpath,0.0094
serialize_image,3.3750
saveImageToFile_total,4.6239
saveValue_saveImageToFile,4.6340
saveValue_removeHistory,0.0001
Storage_addImage_total,4.6696
addImage_saveValue,4.6779
addImage_updateGui,0.6918
release_event_total,8.3439
stroke_recognition_total,0.1373
release_cursor_clear,0.0220
recognized_background_copy,1.3964
recognized_merge_freehand,0.3426
addImage_index_update,0.0000
addImage_img_copy,1.2503
saveValue_mkpath,0.0097
serialize_image,4.4372
saveImageToFile_total,5.7240
saveValue_saveImageToFile,5.7353
saveValue_removeHistory,0.0001
Storage_addImage_total,5.7723
addImage_saveValue,5.7829
addImage_updateGui,0.9899
recognized_add_freehand_history,8.5576
recognized_clear_stroke,0.5199
recognized_draw_ideal_shape,0.0770
release_pixmap_to_image AND release_background_applyImage,0.5852
release_image_to_pixmap,0.0060
release_background_clear,1.0543
release_geo_clearAll,0.0042
addImage_index_update,0.0000
addImage_img_copy,0.8330
saveValue_mkpath,0.0104
serialize_image,4.1635
saveImageToFile_total,5.8995
saveValue_saveImageToFile,5.9124
saveValue_removeHistory,0.0001
Storage_addImage_total,5.9508
addImage_saveValue,5.9599
addImage_updateGui,0.7488
release_event_total,20.8557
stroke_recognition_total,0.1140
release_cursor_clear,0.0191
recognized_background_copy,1.4753
recognized_merge_freehand,0.4230
addImage_index_update,0.0000
addImage_img_copy,1.2460
saveValue_mkpath,0.0097
serialize_image,3.5335
saveImageToFile_total,4.8223
saveValue_saveImageToFile,4.8329
saveValue_removeHistory,0.0002
Storage_addImage_total,4.8697
addImage_saveValue,4.8783
addImage_updateGui,0.7892
recognized_add_freehand_history,7.2430
recognized_clear_stroke,0.4451
recognized_draw_ideal_shape,0.0652
release_pixmap_to_image AND release_background_applyImage,0.5172
release_image_to_pixmap,0.0048
release_background_clear,0.5966
release_geo_clearAll,0.0042
addImage_index_update,0.0000
addImage_img_copy,0.5698
saveValue_mkpath,0.0093
serialize_image,3.4598
saveImageToFile_total,4.7272
saveValue_saveImageToFile,4.7374
saveValue_removeHistory,0.0001
Storage_addImage_total,4.7727
addImage_saveValue,4.7814
addImage_updateGui,0.6803
release_event_total,17.4283
stroke_recognition_total,0.1125
release_cursor_clear,0.0182
release_pixmap_to_image AND release_background_applyImage,0.3385
release_image_to_pixmap,0.0034
release_background_clear,0.7497
release_geo_clearAll,0.0021
addImage_index_update,0.0001
addImage_img_copy,1.4236
saveValue_mkpath,0.0089
serialize_image,3.4708
saveImageToFile_total,4.8326
saveValue_saveImageToFile,4.8496
saveValue_removeHistory,0.0001
Storage_addImage_total,4.9034
addImage_saveValue,4.9175
addImage_updateGui,0.8283
release_event_total,8.8255
stroke_recognition_total,0.1367
release_cursor_clear,0.0206
recognized_background_copy,1.3513
recognized_merge_freehand,0.3411
addImage_index_update,0.0000
addImage_img_copy,1.2028
saveValue_mkpath,0.0093
serialize_image,3.4414
saveImageToFile_total,4.7555
saveValue_saveImageToFile,4.7660
saveValue_removeHistory,0.0001
Storage_addImage_total,4.8020
addImage_saveValue,4.8104
addImage_updateGui,0.6714
recognized_add_freehand_history,6.8887
recognized_clear_stroke,0.3921
recognized_draw_ideal_shape,0.0459
release_pixmap_to_image AND release_background_applyImage,0.3649
release_image_to_pixmap,0.0041
release_background_clear,0.7024
release_geo_clearAll,0.0036
addImage_index_update,0.0000
addImage_img_copy,0.4735
saveValue_mkpath,0.0108
serialize_image,3.3153
saveImageToFile_total,4.5602
saveValue_saveImageToFile,4.5704
saveValue_removeHistory,0.0001
Storage_addImage_total,4.6077
addImage_saveValue,4.6162
addImage_updateGui,0.6981
release_event_total,16.4941
stroke_recognition_total,0.2245
release_cursor_clear,0.0261
recognized_background_copy,1.1308
recognized_merge_freehand,0.2721
addImage_index_update,0.0000
addImage_img_copy,1.1113
saveValue_mkpath,0.0105
serialize_image,3.3969
saveImageToFile_total,4.5220
saveValue_saveImageToFile,4.5324
saveValue_removeHistory,0.0001
Storage_addImage_total,4.5697
addImage_saveValue,4.5780
addImage_updateGui,0.6948
recognized_add_freehand_history,6.6183
recognized_clear_stroke,0.4103
recognized_draw_ideal_shape,0.0351
release_pixmap_to_image AND release_background_applyImage,0.2082
release_image_to_pixmap,0.0032
release_background_clear,0.5447
release_geo_clearAll,0.0033
addImage_index_update,0.0000
addImage_img_copy,0.4179
saveValue_mkpath,0.0081
serialize_image,3.3619
saveImageToFile_total,4.5626
saveValue_saveImageToFile,4.5723
saveValue_removeHistory,0.0001
Storage_addImage_total,4.6053
addImage_saveValue,4.6138
addImage_updateGui,0.6976
release_event_total,15.7078
stroke_recognition_total,0.1500
release_cursor_clear,0.0259
release_pixmap_to_image AND release_background_applyImage,0.2980
release_image_to_pixmap,0.0061
release_background_clear,0.3857
release_geo_clearAll,0.0022
addImage_index_update,0.0000
addImage_img_copy,1.0361
saveValue_mkpath,0.0095
serialize_image,4.0664
saveImageToFile_total,5.3062
saveValue_saveImageToFile,5.3218
saveValue_removeHistory,0.0004
Storage_addImage_total,5.3659
addImage_saveValue,5.3788
addImage_updateGui,0.8635
release_event_total,8.6650
stroke_recognition_total,0.1567
release_cursor_clear,0.0261
recognized_background_copy,1.1801
recognized_merge_freehand,0.2702
addImage_index_update,0.0000
addImage_img_copy,1.1147
saveValue_mkpath,0.0098
serialize_image,3.3504
saveImageToFile_total,4.4490
saveValue_saveImageToFile,4.4595
saveValue_removeHistory,0.0001
Storage_addImage_total,4.4998
addImage_saveValue,4.5083
addImage_updateGui,0.7105
recognized_add_freehand_history,6.5485
recognized_clear_stroke,0.4279
recognized_draw_ideal_shape,0.0354
release_pixmap_to_image AND release_background_applyImage,0.2045
release_image_to_pixmap,0.0032
release_background_clear,0.5489
release_geo_clearAll,0.0038
addImage_index_update,0.0000
addImage_img_copy,0.4354
saveValue_mkpath,0.0082
serialize_image,3.3284
saveImageToFile_total,4.5162
saveValue_saveImageToFile,4.5260
saveValue_removeHistory,0.0001
Storage_addImage_total,4.5597
addImage_saveValue,4.5681
addImage_updateGui,0.6839
release_event_total,15.5728
stroke_recognition_total,0.1765
release_cursor_clear,0.0276
recognized_background_copy,1.1364
recognized_merge_freehand,0.2786
addImage_index_update,0.0000
addImage_img_copy,1.0698
saveValue_mkpath,0.0101
serialize_image,3.5341
saveImageToFile_total,4.6600
saveValue_saveImageToFile,4.6710
saveValue_removeHistory,0.0001
Storage_addImage_total,4.7082
addImage_saveValue,4.7167
addImage_updateGui,0.8280
recognized_add_freehand_history,6.9272
recognized_clear_stroke,0.4531
recognized_draw_ideal_shape,0.0409
release_pixmap_to_image AND release_background_applyImage,0.2356
release_image_to_pixmap,0.0033
release_background_clear,0.5693
release_geo_clearAll,0.0038
addImage_index_update,0.0000
addImage_img_copy,0.4643
saveValue_mkpath,0.0090
serialize_image,3.4340
saveImageToFile_total,4.7584
saveValue_saveImageToFile,4.7685
saveValue_removeHistory,0.0001
Storage_addImage_total,4.8037
addImage_saveValue,4.8124
addImage_updateGui,0.6795
release_event_total,16.3726
stroke_recognition_total,0.0013
release_cursor_clear,0.0258
release_pixmap_to_image AND release_background_applyImage,0.2647
release_image_to_pixmap,0.0047
release_background_clear,0.3940
release_geo_clearAll,0.0020
addImage_index_update,0.0000
addImage_img_copy,1.0345
saveValue_mkpath,0.0733
serialize_image,3.9324
saveImageToFile_total,5.1840
saveValue_saveImageToFile,5.1967
saveValue_removeHistory,0.0002
Storage_addImage_total,5.3018
addImage_saveValue,5.3113
addImage_updateGui,0.8694
release_event_total,8.5160
stroke_recognition_total,0.0024
release_cursor_clear,0.0249
release_pixmap_to_image AND release_background_applyImage,0.2585
release_image_to_pixmap,0.0042
release_background_clear,0.3968
release_geo_clearAll,0.0019
addImage_index_update,0.0000
addImage_img_copy,1.0591
saveValue_mkpath,0.0113
serialize_image,3.5836
saveImageToFile_total,4.8593
saveValue_saveImageToFile,4.8699
saveValue_removeHistory,0.0001
Storage_addImage_total,4.9075
addImage_saveValue,4.9158
addImage_updateGui,0.7331
release_event_total,7.8304
stroke_recognition_total,0.0997
release_cursor_clear,0.0263
release_pixmap_to_image AND release_background_applyImage,0.2966
release_image_to_pixmap,0.0069
release_background_clear,0.3824
release_geo_clearAll,0.0021
addImage_index_update,0.0000
addImage_img_copy,1.0559
saveValue_mkpath,0.0361
serialize_image,3.5023
saveImageToFile_total,4.7753
saveValue_saveImageToFile,4.7857
saveValue_removeHistory,0.0001
Storage_addImage_total,4.8493
addImage_saveValue,4.8577
addImage_updateGui,0.7152
release_event_total,7.9390
stroke_recognition_total,0.0930
release_cursor_clear,0.0261
release_pixmap_to_image AND release_background_applyImage,0.3014
release_image_to_pixmap,0.0058
release_background_clear,0.4148
release_geo_clearAll,0.0028
addImage_index_update,0.0000
addImage_img_copy,1.0505
saveValue_mkpath,0.0098
serialize_image,3.6434
saveImageToFile_total,4.8931
saveValue_saveImageToFile,4.9038
saveValue_removeHistory,0.0002
Storage_addImage_total,4.9403
addImage_saveValue,4.9486
addImage_updateGui,0.7277
release_event_total,8.1079
stroke_recognition_total,0.0856
release_cursor_clear,0.0208
release_pixmap_to_image AND release_background_applyImage,0.2545
release_image_to_pixmap,0.0044
release_background_clear,0.4565
release_geo_clearAll,0.0029
addImage_index_update,0.0001
addImage_img_copy,1.2661
saveValue_mkpath,0.0092
serialize_image,3.5800
saveImageToFile_total,4.8870
saveValue_saveImageToFile,4.8971
saveValue_removeHistory,0.0001
Storage_addImage_total,4.9325
addImage_saveValue,4.9408
addImage_updateGui,0.7026
release_event_total,8.1162
stroke_recognition_total,0.1435
release_cursor_clear,0.0212
release_pixmap_to_image AND release_background_applyImage,0.2787
release_image_to_pixmap,0.0047
release_background_clear,0.4221
release_geo_clearAll,0.0021
addImage_index_update,0.0000
addImage_img_copy,1.0335
saveValue_mkpath,0.0099
serialize_image,3.5593
saveImageToFile_total,4.8103
saveValue_saveImageToFile,4.8204
saveValue_removeHistory,0.0001
Storage_addImage_total,4.8566
addImage_saveValue,4.8652
addImage_updateGui,0.7045
release_event_total,7.8807
stroke_recognition_total,0.0970
release_cursor_clear,0.0257
release_pixmap_to_image AND release_background_applyImage,0.3068
release_image_to_pixmap,0.0069
release_background_clear,0.4032
release_geo_clearAll,0.0021
addImage_index_update,0.0000
addImage_img_copy,1.0452
saveValue_mkpath,0.0104
serialize_image,3.4232
saveImageToFile_total,4.6054
saveValue_saveImageToFile,4.6158
saveValue_removeHistory,0.0001
Storage_addImage_total,4.6529
addImage_saveValue,4.6613
addImage_updateGui,0.7387
release_event_total,7.7138
stroke_recognition_total,0.0770
release_cursor_clear,0.0198
release_pixmap_to_image AND release_background_applyImage,0.2779
release_image_to_pixmap,0.0043
release_background_clear,0.4617
release_geo_clearAll,0.0028
addImage_index_update,0.0001
addImage_img_copy,1.2447
saveValue_mkpath,0.0098
serialize_image,3.6825
saveImageToFile_total,5.0002
saveValue_saveImageToFile,5.0104
saveValue_removeHistory,0.0001
Storage_addImage_total,5.0467
addImage_saveValue,5.0551
addImage_updateGui,0.7057
release_event_total,8.2509
stroke_recognition_total,0.0695
release_cursor_clear,0.0230
release_pixmap_to_image AND release_background_applyImage,0.2857
release_image_to_pixmap,0.0043
release_background_clear,0.4306
release_geo_clearAll,0.0021
addImage_index_update,0.0000
addImage_img_copy,1.0271
saveValue_mkpath,0.0095
serialize_image,3.6097
saveImageToFile_total,4.8318
saveValue_saveImageToFile,4.8421
saveValue_removeHistory,0.0001
Storage_addImage_total,4.8781
addImage_saveValue,4.8865
addImage_updateGui,0.7675
release_event_total,7.8729
stroke_recognition_total,0.0693
release_cursor_clear,0.0265
release_pixmap_to_image AND release_background_applyImage,0.2642
release_image_to_pixmap,0.0068
release_background_clear,0.3892
release_geo_clearAll,0.0021
addImage_index_update,0.0000
addImage_img_copy,1.0933
saveValue_mkpath,0.0099
serialize_image,3.5942
saveImageToFile_total,4.8245
saveValue_saveImageToFile,4.8349
saveValue_removeHistory,0.0001
Storage_addImage_total,4.8748
addImage_saveValue,4.8831
addImage_updateGui,0.7418
release_event_total,7.8450
stroke_recognition_total,0.0014
release_cursor_clear,0.0246
release_pixmap_to_image AND release_background_applyImage,0.2565
release_image_to_pixmap,0.0044
release_background_clear,0.3827
release_geo_clearAll,0.0018
addImage_index_update,0.0000
addImage_img_copy,1.0035
saveValue_mkpath,0.0103
serialize_image,3.4707
saveImageToFile_total,4.6668
saveValue_saveImageToFile,4.6774
saveValue_removeHistory,0.0001
Storage_addImage_total,4.7142
addImage_saveValue,4.7226
addImage_updateGui,0.7288
release_event_total,7.5696
stroke_recognition_total,0.1118
release_cursor_clear,0.0277
release_pixmap_to_image AND release_background_applyImage,0.3399
release_image_to_pixmap,0.0069
release_background_clear,0.3826
release_geo_clearAll,0.0029
addImage_index_update,0.0000
addImage_img_copy,0.9919
saveValue_mkpath,0.0100
serialize_image,3.6138
saveImageToFile_total,4.7956
saveValue_saveImageToFile,4.8060
saveValue_removeHistory,0.0001
Storage_addImage_total,4.8429
addImage_saveValue,4.8513
addImage_updateGui,0.7331
release_event_total,7.9037
stroke_recognition_total,0.3335
release_cursor_clear,0.0256
release_pixmap_to_image AND release_background_applyImage,0.5173
release_image_to_pixmap,0.0059
release_background_clear,0.3731
release_geo_clearAll,0.0021
addImage_index_update,0.0000
addImage_img_copy,0.9935
saveValue_mkpath,0.0371
serialize_image,3.6382
saveImageToFile_total,4.8026
saveValue_saveImageToFile,4.8132
saveValue_removeHistory,0.0001
Storage_addImage_total,4.8782
addImage_saveValue,4.8866
addImage_updateGui,0.7321
release_event_total,8.3998
stroke_recognition_total,0.1955
release_cursor_clear,0.0188
release_pixmap_to_image AND release_background_applyImage,0.3100
release_image_to_pixmap,0.0036
release_background_clear,0.4698
release_geo_clearAll,0.0026
addImage_index_update,0.0000
addImage_img_copy,1.1587
saveValue_mkpath,0.0339
serialize_image,3.6778
saveImageToFile_total,4.9128
saveValue_saveImageToFile,4.9231
saveValue_removeHistory,0.0001
Storage_addImage_total,4.9849
addImage_saveValue,4.9934
addImage_updateGui,0.7070
release_event_total,8.2751
stroke_recognition_total,0.3432
release_cursor_clear,0.0180
release_pixmap_to_image AND release_background_applyImage,0.2531
release_image_to_pixmap,0.0038
release_background_clear,0.5094
release_geo_clearAll,0.0022
addImage_index_update,0.0000
addImage_img_copy,1.2299
saveValue_mkpath,0.0107
serialize_image,3.7480
saveImageToFile_total,5.1357
saveValue_saveImageToFile,5.1463
saveValue_removeHistory,0.0002
Storage_addImage_total,5.1837
addImage_saveValue,5.1922
addImage_updateGui,0.7070
release_event_total,8.7809
